{
  "centroids_4": [
    [
      -122.41708247002195,
      37.787427118841762
    ],
    [
      -122.41579332831969,
      37.761446811162173
    ],
    [
      -122.46632498052548,
      37.718814247089576
    ],
    [
      -122.48639782848089,
      37.758572304670537
    ]
  ],
  "centroids_2": [
    [
      -122.41721258127922,
      37.787394262218022
    ],
    [
      -122.41924311718914,
      37.760004216652128
    ]
  ],
  "centroids_5": [
    [
      -122.41584224261476,
      37.761425698684391
    ],
    [
      -122.41876997704011,
      37.787654471039687
    ],
    [
      -122.46632498052548,
      37.718814247089576
    ],
    [
      -122.48639782848089,
      37.758572304670537
    ],
    [
      -122.4045346858759,
      37.785530686729118
    ]
  ],
  "centroids_3": [
    [
      -122.41582476469686,
      37.761346056903406
    ],
    [
      -122.41709742374232,
      37.787424549878409
    ],
    [
      -122.47811474903897,
      37.738906485698408
    ]
  ],
  "centroids_6": [
    [
      -122.4045346858759,
      37.785530686729118
    ],
    [
      -122.41599755987995,
      37.761710403228989
    ],
    [
      -122.46952143243395,
      37.719173519869869
    ],
    [
      -122.41876997704011,
      37.787654471039687
    ],
    [
      -122.48636572534035,
      37.758689247617198
    ],
    [
      -122.40540320357452,
      37.727577617551638
    ]
  ]
}