{"4_clusters": [[40.69590813594731, -73.8241678478597], [40.83814174145505, -73.90851550938066], [40.61438553631717, -74.01185965121822], [40.68345652554627, -73.94403417829486]], "8_clusters": [[40.856870213086154, -73.88251899993473], [40.615700818518604, -74.11666038963992], [40.72688589179774, -73.85995627669482], [40.67451727027521, -73.92682068429204], [40.8261126325624, -73.93075173877543], [40.664612595691786, -73.78199429882913], [40.627001267647685, -73.97332842755226], [40.74688555919205, -73.973168714984]], "3_clusters": [[40.8369983047082, -73.90941424356211], [40.66175567975495, -73.96686670177694], [40.69553527562253, -73.8416412407091]], "6_clusters": [[40.84946945352456, -73.89669547412632], [40.691930690126455, -73.91016848031276], [40.68247963655963, -73.79726814772607], [40.78140878123944, -73.9590555964438], [40.615700818518604, -74.11666038963992], [40.63675581066596, -73.96827813625674]], "9_clusters": [[40.856541151674165, -73.88334955522843], [40.631022073350195, -73.97109929285006], [40.70358967008435, -73.79985729661352], [40.82584737449065, -73.93228471635592], [40.67651122664992, -73.91991168855276], [40.74304384998885, -73.97891676924016], [40.59409678400115, -73.78251278308605], [40.750227308534654, -73.88332001810035], [40.615700818518604, -74.11666038963992]], "7_clusters": [[40.63735856635433, -73.96680211373854], [40.856347547582914, -73.88446720326432], [40.692235937224524, -73.90457633710258], [40.74210196047882, -73.97655932841407], [40.615700818518604, -74.11666038963992], [40.681673726687386, -73.79463240652045], [40.82207769152107, -73.93231120503094]], "2_clusters": [[40.8300534132239, -73.90622101289291], [40.664421100140764, -73.93583390075085]], "5_clusters": [[40.66586427018588, -73.93804402592357], [40.780654259075746, -73.95498902323477], [40.69571726842256, -73.82155060843718], [40.849752436891194, -73.89660016143479], [40.61349481950117, -74.02493894482238]], "10_clusters": [[40.659847220454154, -73.95166046483709], [40.85658866830055, -73.88300120691008], [40.67825230745825, -73.90347206063386], [40.82638629190424, -73.93192294257679], [40.615700818518604, -74.11666038963992], [40.744358184128096, -73.97778019669482], [40.75015233419471, -73.8825155535155], [40.59353935041657, -73.78340762472679], [40.705462356484375, -73.79424029304411], [40.61263347937837, -73.98539425653539]]}